{
    "best_valid": 0.8841346153846154,
    "selected_epoch": 20,
    "test": 0.8802884615384615,
    "time": 539.6222076416016
}